,name,artist,album,duration_sec,popularity,release_date,album_image_url,artist_image_url,genres,track_id,genre_count,genre_1,genre_2,genre_3,genre_4,genre_5,genre_6,genre_7
0,Like That,Future,WE DON'T TRUST YOU,267.706,85,2024-03-22,https://i.scdn.co/image/ab67616d0000b273a46b07c291e6dfdee13b3ee8,https://i.scdn.co/image/ab6761610000e5eb7565b356bc9d9394eefa2ccb,"atl hip hop, hip hop, rap, southern hip hop, trap",2tudvzsrR56uom6smgOcSf,5,atl hip hop,hip hop,rap,southern hip hop,trap,,
1,Feel The Fiyaaaah (with A$AP Rocky & feat. Takeoff),Metro Boomin,HEROES & VILLAINS,189.426,67,2022-12-02,https://i.scdn.co/image/ab67616d0000b273c4fee55d7b51479627c31f89,https://i.scdn.co/image/ab6761610000e5ebdf9a1555f53a20087b8c5a5c,rap,3SsJ17EnPIu1B4GZshqjIS,1,rap,,,,,,
2,Count Me Out,Kendrick Lamar,Mr. Morale & The Big Steppers,283.642,75,2022-05-13,https://i.scdn.co/image/ab67616d0000b2732e02117d76426a08ac7c174f,https://i.scdn.co/image/ab6761610000e5eb437b9e2a82505b3d93ff1022,"conscious hip hop, hip hop, rap, west coast rap",6BU1RZexmvJcBjgagVVt3M,4,conscious hip hop,hip hop,rap,west coast rap,,,
3,CARNIVAL,¥$,VULTURES 1,264.324,55,2024-02-09,https://i.scdn.co/image/ab67616d0000b2730a31b4026a452ae8c3f97a76,https://i.scdn.co/image/ab6761610000e5ebf4e11052613eb67c380adaf8,,3w0w2T288dec0mgeZZqoNN,1,,,,,,,
4,Praise God,Kanye West,Donda,226.652,72,2021-08-29,https://i.scdn.co/image/ab67616d0000b273cad190f1a73c024e5a40dddd,https://i.scdn.co/image/ab6761610000e5eb6e835a500e791bf9c27a422a,"chicago rap, hip hop, rap",0WSEq9Ko4kFPt8yo3ICd6T,3,chicago rap,hip hop,rap,,,,
5,BACK TO ME,¥$,VULTURES 1,295.471,39,2024-02-09,https://i.scdn.co/image/ab67616d0000b2730a31b4026a452ae8c3f97a76,https://i.scdn.co/image/ab6761610000e5ebf4e11052613eb67c380adaf8,,1icgLGTpX2fQXKRe4D7w2b,1,,,,,,,
6,FUK SUMN,¥$,VULTURES 1,209.577,46,2024-02-09,https://i.scdn.co/image/ab67616d0000b2730a31b4026a452ae8c3f97a76,https://i.scdn.co/image/ab6761610000e5ebf4e11052613eb67c380adaf8,,5tEaVciE2GnR28aN6W9cLS,1,,,,,,,
7,MY EYES,Travis Scott,UTOPIA,251.249,83,2023-07-28,https://i.scdn.co/image/ab67616d0000b273881d8d8378cd01099babcd44,https://i.scdn.co/image/ab6761610000e5eb19c2790744c792d05570bb71,"rap, slap house",4kjI1gwQZRKNDkw1nI475M,2,rap,slap house,,,,,
8,redrum,21 Savage,american dream,270.697,83,2024-01-12,https://i.scdn.co/image/ab67616d0000b273bbdceba2bf1867d4966d0347,https://i.scdn.co/image/ab6761610000e5eb4f8f76117470957c0e81e5b2,"atl hip hop, hip hop, rap",52eIcoLUM25zbQupAZYoFh,3,atl hip hop,hip hop,rap,,,,
9,goosebumps,Travis Scott,Birds In The Trap Sing McKnight,243.836,86,2016-09-16,https://i.scdn.co/image/ab67616d0000b273f54b99bf27cda88f4a7403ce,https://i.scdn.co/image/ab6761610000e5eb19c2790744c792d05570bb71,"rap, slap house",6gBFPUFcJLzWGx4lenP6h2,2,rap,slap house,,,,,
10,FE!N (feat. Playboi Carti),Travis Scott,UTOPIA,191.7,89,2023-07-28,https://i.scdn.co/image/ab67616d0000b273881d8d8378cd01099babcd44,https://i.scdn.co/image/ab6761610000e5eb19c2790744c792d05570bb71,"rap, slap house",42VsgItocQwOQC3XWZ8JNA,2,rap,slap house,,,,,
11,IDGAF (feat. Yeat),Drake,For All The Dogs,260.111,77,2023-10-06,https://i.scdn.co/image/ab67616d0000b2737d384516b23347e92a587ed1,https://i.scdn.co/image/ab6761610000e5eb4293385d324db8558179afd9,"canadian hip hop, canadian pop, hip hop, pop rap, rap",2YSzYUF3jWqb9YP9VXmpjE,5,canadian hip hop,canadian pop,hip hop,pop rap,rap,,
12,First Person Shooter (feat. J. Cole),Drake,For All The Dogs,247.444,75,2023-10-06,https://i.scdn.co/image/ab67616d0000b2737d384516b23347e92a587ed1,https://i.scdn.co/image/ab6761610000e5eb4293385d324db8558179afd9,"canadian hip hop, canadian pop, hip hop, pop rap, rap",7aqfrAY2p9BUSiupwk3svU,5,canadian hip hop,canadian pop,hip hop,pop rap,rap,,
13,all of me,21 Savage,american dream,198.292,71,2024-01-12,https://i.scdn.co/image/ab67616d0000b273bbdceba2bf1867d4966d0347,https://i.scdn.co/image/ab6761610000e5eb4f8f76117470957c0e81e5b2,"atl hip hop, hip hop, rap",2FoahzOSxJnalPA8aBUme3,3,atl hip hop,hip hop,rap,,,,
14,BURN,¥$,VULTURES 1,111.458,44,2024-02-09,https://i.scdn.co/image/ab67616d0000b2730a31b4026a452ae8c3f97a76,https://i.scdn.co/image/ab6761610000e5ebf4e11052613eb67c380adaf8,,04CyMEHliadfQWMUJb1w99,1,,,,,,,
15,Calling For You (feat. 21 Savage),Drake,For All The Dogs,285.63,63,2023-10-06,https://i.scdn.co/image/ab67616d0000b2737d384516b23347e92a587ed1,https://i.scdn.co/image/ab6761610000e5eb4293385d324db8558179afd9,"canadian hip hop, canadian pop, hip hop, pop rap, rap",2nibvvDdAQkVraYP00z2RS,5,canadian hip hop,canadian pop,hip hop,pop rap,rap,,
16,PROBLEMATIC,¥$,VULTURES 1,194.713,31,2024-02-09,https://i.scdn.co/image/ab67616d0000b2730a31b4026a452ae8c3f97a76,https://i.scdn.co/image/ab6761610000e5ebf4e11052613eb67c380adaf8,,5GtUTcvOx52F5648wXQfc7,1,,,,,,,
17,STARS,¥$,VULTURES 1,115.238,35,2024-02-09,https://i.scdn.co/image/ab67616d0000b2730a31b4026a452ae8c3f97a76,https://i.scdn.co/image/ab6761610000e5ebf4e11052613eb67c380adaf8,,347AQK5Lyhn6RvB8tBGYxt,1,,,,,,,
18,Runnin,21 Savage,SAVAGE MODE II,195.906,79,2020-10-02,https://i.scdn.co/image/ab67616d0000b273aa57907bf0cb2ca0c8cc74bc,https://i.scdn.co/image/ab6761610000e5eb4f8f76117470957c0e81e5b2,"atl hip hop, hip hop, rap",5SWnsxjhdcEDc7LJjq9UHk,3,atl hip hop,hip hop,rap,,,,
19,Don't Like.1,Kanye West,G.O.O.D.,283.653,62,2022-04-01,https://i.scdn.co/image/ab67616d0000b27350ff076934366091764d1a09,https://i.scdn.co/image/ab6761610000e5eb6e835a500e791bf9c27a422a,"chicago rap, hip hop, rap",3YqJ0iaDWM0aqEDQExd2j3,3,chicago rap,hip hop,rap,,,,
20,KEYS TO MY LIFE,¥$,VULTURES 1,174.083,29,2024-02-09,https://i.scdn.co/image/ab67616d0000b2730a31b4026a452ae8c3f97a76,https://i.scdn.co/image/ab6761610000e5ebf4e11052613eb67c380adaf8,,7hVb3OyFkgxDgpTdrOX6dT,1,,,,,,,
21,BEG FORGIVENESS,¥$,VULTURES 1,368.739,31,2024-02-09,https://i.scdn.co/image/ab67616d0000b2730a31b4026a452ae8c3f97a76,https://i.scdn.co/image/ab6761610000e5ebf4e11052613eb67c380adaf8,,4ihV1wv7QmjbkLHaT9lA4s,1,,,,,,,
22,Money Trees,Kendrick Lamar,"good kid, m.A.A.d city",386.906,79,2012,https://i.scdn.co/image/ab67616d0000b2732cd55246d935a8a77cb4859e,https://i.scdn.co/image/ab6761610000e5eb437b9e2a82505b3d93ff1022,"conscious hip hop, hip hop, rap, west coast rap",74tLlkN3rgVzRqQJgPfink,4,conscious hip hop,hip hop,rap,west coast rap,,,
23,Runaway,Kanye West,My Beautiful Dark Twisted Fantasy,547.733,81,2010-11-22,https://i.scdn.co/image/ab67616d0000b273d9194aa18fa4c9362b47464f,https://i.scdn.co/image/ab6761610000e5eb6e835a500e791bf9c27a422a,"chicago rap, hip hop, rap",3DK6m7It6Pw857FcQftMds,3,chicago rap,hip hop,rap,,,,
24,family ties (with Kendrick Lamar),Baby Keem,The Melodic Blue,252.262,79,2021-09-10,https://i.scdn.co/image/ab67616d0000b2731bfa23b13d0504fb90c37b39,https://i.scdn.co/image/ab6761610000e5ebd6f2323c1971fd5a70cd0255,"hip hop, rap",3QFInJAm9eyaho5vBzxInN,2,hip hop,rap,,,,,
25,Poetic Justice,Kendrick Lamar,"good kid, m.A.A.d city",300.16,64,2012,https://i.scdn.co/image/ab67616d0000b2732cd55246d935a8a77cb4859e,https://i.scdn.co/image/ab6761610000e5eb437b9e2a82505b3d93ff1022,"conscious hip hop, hip hop, rap, west coast rap",5J6CXHvsfRGyyCnQZmVPoE,4,conscious hip hop,hip hop,rap,west coast rap,,,
26,Swimming Pools (Drank) - Extended Version,Kendrick Lamar,"good kid, m.A.A.d city",313.786,61,2012,https://i.scdn.co/image/ab67616d0000b2732cd55246d935a8a77cb4859e,https://i.scdn.co/image/ab6761610000e5eb437b9e2a82505b3d93ff1022,"conscious hip hop, hip hop, rap, west coast rap",3VYzbU22BooAROigHHwycs,4,conscious hip hop,hip hop,rap,west coast rap,,,
27,Flashing Lights,Kanye West,Graduation,237.506,83,2007-09-11,https://i.scdn.co/image/ab67616d0000b27326f7f19c7f0381e56156c94a,https://i.scdn.co/image/ab6761610000e5eb6e835a500e791bf9c27a422a,"chicago rap, hip hop, rap",5TRPicyLGbAF2LGBFbHGvO,3,chicago rap,hip hop,rap,,,,
28,m y . l i f e (with 21 Savage & Morray),J. Cole,The Off-Season,218.801,72,2021-05-14,https://i.scdn.co/image/ab67616d0000b27310e6745bb2f179dd3616b85f,https://i.scdn.co/image/ab6761610000e5eb4b053c29fd4b317ff825f0dc,"conscious hip hop, hip hop, north carolina hip hop, rap",1D3z6HTiQsNmZxjl7F7eoG,4,conscious hip hop,hip hop,north carolina hip hop,rap,,,
29,Fancy,Drake,Thank Me Later (Int'l Version),319.386,64,2010-01-01,https://i.scdn.co/image/ab67616d0000b27372babba16ea5e3afe690b4f1,https://i.scdn.co/image/ab6761610000e5eb4293385d324db8558179afd9,"canadian hip hop, canadian pop, hip hop, pop rap, rap",238Sekyg7DyN2XDm0z4oWY,5,canadian hip hop,canadian pop,hip hop,pop rap,rap,,
30,m.A.A.d city,Kendrick Lamar,"good kid, m.A.A.d city",350.12,63,2012,https://i.scdn.co/image/ab67616d0000b2732cd55246d935a8a77cb4859e,https://i.scdn.co/image/ab6761610000e5eb437b9e2a82505b3d93ff1022,"conscious hip hop, hip hop, rap, west coast rap",0nfQguNoAfKFjsQHr6qnxc,4,conscious hip hop,hip hop,rap,west coast rap,,,
31,Surround Sound (feat. 21 Savage & Baby Tate),JID,The Forever Story (Extended Version),229.938,79,2022-10-31,https://i.scdn.co/image/ab67616d0000b273cae6e44dcc84e2035c3ad092,https://i.scdn.co/image/ab6761610000e5eb10781f7b76a5eb0d397e02c9,"hip hop, pop rap, rap, underground hip hop",1udwFobQ1JoOdWPQrp2b6u,4,hip hop,pop rap,rap,underground hip hop,,,
32,She,"Tyler, The Creator",Goblin,253.386,72,2011-05-09,https://i.scdn.co/image/ab67616d0000b2735ea9799a88c0760ec03ac6b8,https://i.scdn.co/image/ab6761610000e5ebdfa2b0c7544a772042a12e52,"hip hop, rap",5WzfCu5fhgm7jv896EN1Md,2,hip hop,rap,,,,,
33,I Smoked Away My Brain (I'm God x Demons Mashup) (feat. Imogen Heap & Clams Casino),A$AP Rocky,I Smoked Away My Brain (I'm God x Demons Mashup) (feat. Imogen Heap & Clams Casino),190.285,83,2023-08-18,https://i.scdn.co/image/ab67616d0000b2732bb4bbf62bc82d2f4ce59397,https://i.scdn.co/image/ab6761610000e5eb5c58c41a506a0d6b32cc6cad,"east coast hip hop, hip hop, rap",3ZaEs1O8BG581qYPHpQ8d6,3,east coast hip hop,hip hop,rap,,,,
34,Dilemma,Nelly,Nellyville,289.16,78,2002-06-25,https://i.scdn.co/image/ab67616d0000b273a8b9f97b9ea065b9a857e93f,https://i.scdn.co/image/3677690af58abb70a5c5fd58d69db4d1ad705d4f,"dance pop, gangster rap, hip hop, pop rap, rap, st louis rap, urban contemporary",0ARK753YaiJbpLUk7z5yIM,7,dance pop,gangster rap,hip hop,pop rap,rap,st louis rap,urban contemporary
35,Father Stretch My Hands Pt. 1,Kanye West,The Life Of Pablo,135.92,82,2016-06-10,https://i.scdn.co/image/ab67616d0000b2732a7db835b912dc5014bd37f4,https://i.scdn.co/image/ab6761610000e5eb6e835a500e791bf9c27a422a,"chicago rap, hip hop, rap",4KW1lqgSr8TKrvBII0Brf8,3,chicago rap,hip hop,rap,,,,
36,euphoria,Kendrick Lamar,euphoria,383.639,80,2024-04-30,https://i.scdn.co/image/ab67616d0000b2737587213b1be294ac4000f648,https://i.scdn.co/image/ab6761610000e5eb437b9e2a82505b3d93ff1022,"conscious hip hop, hip hop, rap, west coast rap",77DRzu7ERs0TX3roZcre7Q,4,conscious hip hop,hip hop,rap,west coast rap,,,
37,I KNOW ?,Travis Scott,UTOPIA,211.582,83,2023-07-28,https://i.scdn.co/image/ab67616d0000b273881d8d8378cd01099babcd44,https://i.scdn.co/image/ab6761610000e5eb19c2790744c792d05570bb71,"rap, slap house",6wsqVwoiVH2kde4k4KKAFU,2,rap,slap house,,,,,
38,Glock In My Lap,21 Savage,SAVAGE MODE II,193.591,81,2020-10-02,https://i.scdn.co/image/ab67616d0000b273aa57907bf0cb2ca0c8cc74bc,https://i.scdn.co/image/ab6761610000e5eb4f8f76117470957c0e81e5b2,"atl hip hop, hip hop, rap",6pcywuOeGGWeOQzdUyti6k,3,atl hip hop,hip hop,rap,,,,
39,I Wonder,Kanye West,Graduation,243.44,81,2007-09-11,https://i.scdn.co/image/ab67616d0000b27326f7f19c7f0381e56156c94a,https://i.scdn.co/image/ab6761610000e5eb6e835a500e791bf9c27a422a,"chicago rap, hip hop, rap",7rbECVPkY5UODxoOUVKZnA,3,chicago rap,hip hop,rap,,,,
40,Fair Trade (with Travis Scott),Drake,Certified Lover Boy,291.175,78,2021-09-03,https://i.scdn.co/image/ab67616d0000b273cd945b4e3de57edd28481a3f,https://i.scdn.co/image/ab6761610000e5eb4293385d324db8558179afd9,"canadian hip hop, canadian pop, hip hop, pop rap, rap",40iJIUlhi6renaREYGeIDS,5,canadian hip hop,canadian pop,hip hop,pop rap,rap,,
41,Everything I Am,Kanye West,Graduation,227.893,73,2007-09-11,https://i.scdn.co/image/ab67616d0000b27326f7f19c7f0381e56156c94a,https://i.scdn.co/image/ab6761610000e5eb6e835a500e791bf9c27a422a,"chicago rap, hip hop, rap",0NrtwAmRAdLxua31SzHvXr,3,chicago rap,hip hop,rap,,,,
42,PAID,¥$,VULTURES 1,195.117,33,2024-02-09,https://i.scdn.co/image/ab67616d0000b2730a31b4026a452ae8c3f97a76,https://i.scdn.co/image/ab6761610000e5ebf4e11052613eb67c380adaf8,,2y4ZR0BUAVePljHSsZyIgj,1,,,,,,,
43,Champion,Kanye West,Graduation,167.6,73,2007-09-11,https://i.scdn.co/image/ab67616d0000b27326f7f19c7f0381e56156c94a,https://i.scdn.co/image/ab6761610000e5eb6e835a500e791bf9c27a422a,"chicago rap, hip hop, rap",4UQMOPSUVJVicIQzjAcRRZ,3,chicago rap,hip hop,rap,,,,
44,a lot,21 Savage,i am > i was,288.624,76,2018-12-21,https://i.scdn.co/image/ab67616d0000b273280689ecc5e4b2038bb5e4bd,https://i.scdn.co/image/ab6761610000e5eb4f8f76117470957c0e81e5b2,"atl hip hop, hip hop, rap",2t8yVaLvJ0RenpXUIAC52d,3,atl hip hop,hip hop,rap,,,,
45,HiiiPower,Kendrick Lamar,Section.80,279.854,64,2011-07-02,https://i.scdn.co/image/ab67616d0000b273eddb2639b74ac6c202032ebe,https://i.scdn.co/image/ab6761610000e5eb437b9e2a82505b3d93ff1022,"conscious hip hop, hip hop, rap, west coast rap",4WEuEfFiczWxblHyuucSBL,4,conscious hip hop,hip hop,rap,west coast rap,,,
46,Saint Pablo,Kanye West,The Life Of Pablo,372.113,68,2016-06-10,https://i.scdn.co/image/ab67616d0000b2732a7db835b912dc5014bd37f4,https://i.scdn.co/image/ab6761610000e5eb6e835a500e791bf9c27a422a,"chicago rap, hip hop, rap",1o0kWPueYo94LIjPYOE5Nf,3,chicago rap,hip hop,rap,,,,
47,Ghost Town,Kanye West,ye,271.386,77,2018-06-01,https://i.scdn.co/image/ab67616d0000b2730cd942c1a864afa4e92d04f2,https://i.scdn.co/image/ab6761610000e5eb6e835a500e791bf9c27a422a,"chicago rap, hip hop, rap",7vgTNTaEz3CsBZ1N4YQalM,3,chicago rap,hip hop,rap,,,,
48,16,Baby Keem,The Melodic Blue,156.04,75,2021-09-10,https://i.scdn.co/image/ab67616d0000b2731bfa23b13d0504fb90c37b39,https://i.scdn.co/image/ab6761610000e5ebd6f2323c1971fd5a70cd0255,"hip hop, rap",1Is8hGpkGMiePASAxBluxM,2,hip hop,rap,,,,,
49,Spin Bout U,Drake,Her Loss,214.588,74,2022-11-04,https://i.scdn.co/image/ab67616d0000b27302854a7060fccc1a66a4b5ad,https://i.scdn.co/image/ab6761610000e5eb4293385d324db8558179afd9,"canadian hip hop, canadian pop, hip hop, pop rap, rap",2ZL7WZcjuYKi1KUDtp4kCC,5,canadian hip hop,canadian pop,hip hop,pop rap,rap,,
50,Privileged Rappers,Drake,Her Loss,160.821,68,2022-11-04,https://i.scdn.co/image/ab67616d0000b27302854a7060fccc1a66a4b5ad,https://i.scdn.co/image/ab6761610000e5eb4293385d324db8558179afd9,"canadian hip hop, canadian pop, hip hop, pop rap, rap",7l2nxyx7IkBX5orhkALg0V,5,canadian hip hop,canadian pop,hip hop,pop rap,rap,,
51,Time Flies,Drake,Dark Lane Demo Tapes,192.931,72,2020-05-01,https://i.scdn.co/image/ab67616d0000b273bba7cfaf7c59ff0898acba1f,https://i.scdn.co/image/ab6761610000e5eb4293385d324db8558179afd9,"canadian hip hop, canadian pop, hip hop, pop rap, rap",5H4mXWKcicuLKDn4Jy0sK7,5,canadian hip hop,canadian pop,hip hop,pop rap,rap,,
52,LOVE. FEAT. ZACARI.,Kendrick Lamar,DAMN.,213.4,81,2017-04-14,https://i.scdn.co/image/ab67616d0000b2738b52c6b9bc4e43d873869699,https://i.scdn.co/image/ab6761610000e5eb437b9e2a82505b3d93ff1022,"conscious hip hop, hip hop, rap, west coast rap",6PGoSes0D9eUDeeAafB2As,4,conscious hip hop,hip hop,rap,west coast rap,,,
53,Wesley's Theory,Kendrick Lamar,To Pimp A Butterfly,287.36,70,2015-03-16,https://i.scdn.co/image/ab67616d0000b273cdb645498cd3d8a2db4d05e1,https://i.scdn.co/image/ab6761610000e5eb437b9e2a82505b3d93ff1022,"conscious hip hop, hip hop, rap, west coast rap",7Ks4VCY1wFebnOdJrM13t6,4,conscious hip hop,hip hop,rap,west coast rap,,,
54,DNA.,Kendrick Lamar,DAMN.,185.946,79,2017-04-14,https://i.scdn.co/image/ab67616d0000b2738b52c6b9bc4e43d873869699,https://i.scdn.co/image/ab6761610000e5eb437b9e2a82505b3d93ff1022,"conscious hip hop, hip hop, rap, west coast rap",6HZILIRieu8S0iqY8kIKhj,4,conscious hip hop,hip hop,rap,west coast rap,,,
55,XXX. FEAT. U2.,Kendrick Lamar,DAMN.,254.2,69,2017-04-14,https://i.scdn.co/image/ab67616d0000b2738b52c6b9bc4e43d873869699,https://i.scdn.co/image/ab6761610000e5eb437b9e2a82505b3d93ff1022,"conscious hip hop, hip hop, rap, west coast rap",4iYRa2btalAzPZoSYfROqF,4,conscious hip hop,hip hop,rap,west coast rap,,,
56,LOOOVE (feat. Kid Cudi),Travis Scott,UTOPIA,226.715,66,2023-07-28,https://i.scdn.co/image/ab67616d0000b273881d8d8378cd01099babcd44,https://i.scdn.co/image/ab6761610000e5eb19c2790744c792d05570bb71,"rap, slap house",0a4SMs889NwP8oWI7Vemle,2,rap,slap house,,,,,
57,3005,Childish Gambino,Because the Internet,234.215,77,2013-12-10,https://i.scdn.co/image/ab67616d0000b27326d64b6150aa3d9b6b67d857,https://i.scdn.co/image/ab6761610000e5ebc3dc5429b676b16d451e5f77,"atl hip hop, hip hop, rap",5cc9Zbfp9u10sfJeKZ3h16,3,atl hip hop,hip hop,rap,,,,
58,FEEL.,Kendrick Lamar,DAMN.,214.826,67,2017-04-14,https://i.scdn.co/image/ab67616d0000b2738b52c6b9bc4e43d873869699,https://i.scdn.co/image/ab6761610000e5eb437b9e2a82505b3d93ff1022,"conscious hip hop, hip hop, rap, west coast rap",2LTlO3NuNVN70lp2ZbVswF,4,conscious hip hop,hip hop,rap,west coast rap,,,
59,FEAR.,Kendrick Lamar,DAMN.,460.573,66,2017-04-14,https://i.scdn.co/image/ab67616d0000b2738b52c6b9bc4e43d873869699,https://i.scdn.co/image/ab6761610000e5eb437b9e2a82505b3d93ff1022,"conscious hip hop, hip hop, rap, west coast rap",23luOrEVHMfoX0AhfbQuS6,4,conscious hip hop,hip hop,rap,west coast rap,,,
60,Collard Greens,ScHoolboy Q,Oxymoron (Deluxe),299.96,75,2014-01-01,https://i.scdn.co/image/ab67616d0000b27336977e237a8f70ec6c990636,https://i.scdn.co/image/ab6761610000e5eba59f2f483877c8d0142f71f3,"gangster rap, hip hop, pop rap, rap, southern hip hop, trap",0zO8ctW0UiuOefR87OeJOZ,6,gangster rap,hip hop,pop rap,rap,southern hip hop,trap,
61,vice city,XXXTENTACION,vice city,220.708,69,2022-01-28,https://i.scdn.co/image/ab67616d0000b27376d75805b961da10f02a97c3,https://i.scdn.co/image/ab6761610000e5ebf0c20db5ef6c6fbe5135d2e4,"emo rap, miami hip hop, rap",6MOst484piqXpzPPRRe8i5,3,emo rap,miami hip hop,rap,,,,
62,Famous,Kanye West,The Life Of Pablo,196.04,71,2016-06-10,https://i.scdn.co/image/ab67616d0000b2732a7db835b912dc5014bd37f4,https://i.scdn.co/image/ab6761610000e5eb6e835a500e791bf9c27a422a,"chicago rap, hip hop, rap",19a3JfW8BQwqHWUMbcqSx8,3,chicago rap,hip hop,rap,,,,
63,Small Worlds,Mac Miller,Swimming,271.733,74,2018-08-03,https://i.scdn.co/image/ab67616d0000b273175c577a61aa13d4fb4b6534,https://i.scdn.co/image/ab6761610000e5ebed3b89aa602145fde71a163a,"hip hop, pittsburgh rap, rap",4gT3mNJA8lnlkYFqGZ8IA2,3,hip hop,pittsburgh rap,rap,,,,
64,"I'm Good Luv, Enjoy.",Aaron May,CHASE,134.547,75,2019-02-28,https://i.scdn.co/image/ab67616d0000b27353c7a0c956286b6a39185af4,https://i.scdn.co/image/ab6761610000e5eb9d28e5b36e32b169ca474554,conscious hip hop,3RKLJPyyMZfwebsePAzqjL,1,conscious hip hop,,,,,,
65,Rapp Snitch Knishes,MF DOOM,MM..FOOD,172.893,75,2004-11-16,https://i.scdn.co/image/ab67616d0000b27352f194d02c39909d1b284799,https://i.scdn.co/image/ab6761610000e5eb6c8167ef48a872b6f190078f,"east coast hip hop, hip hop, instrumental hip hop, rap",5KUNwkaNf8l5A9sXZhiCgI,4,east coast hip hop,hip hop,instrumental hip hop,rap,,,
66,Congratulations (feat. Bilal),Mac Miller,The Divine Feminine,256.426,75,2016-09-16,https://i.scdn.co/image/ab67616d0000b2732e92f776279eaf45d14a33fd,https://i.scdn.co/image/ab6761610000e5ebed3b89aa602145fde71a163a,"hip hop, pittsburgh rap, rap",1OubIZ0ARYCUq5kceYUQiO,3,hip hop,pittsburgh rap,rap,,,,
67,I Love Kanye,Kanye West,The Life Of Pablo,44.826,60,2016-06-10,https://i.scdn.co/image/ab67616d0000b2732a7db835b912dc5014bd37f4,https://i.scdn.co/image/ab6761610000e5eb6e835a500e791bf9c27a422a,"chicago rap, hip hop, rap",5CGS4UovzA7ftCJkLVXQju,3,chicago rap,hip hop,rap,,,,
68,Ultralight Beam,Kanye West,The Life Of Pablo,320.68,66,2016-06-10,https://i.scdn.co/image/ab67616d0000b2732a7db835b912dc5014bd37f4,https://i.scdn.co/image/ab6761610000e5eb6e835a500e791bf9c27a422a,"chicago rap, hip hop, rap",1eQBEelI2NCy7AUTerX0KS,3,chicago rap,hip hop,rap,,,,
69,Jump,Mac Miller,GO:OD AM,279.733,49,2015-09-18,https://i.scdn.co/image/ab67616d0000b273ee0f38410382a255e4fb15f4,https://i.scdn.co/image/ab6761610000e5ebed3b89aa602145fde71a163a,"hip hop, pittsburgh rap, rap",7uhniEFBcLsYD4W92E0Nx2,3,hip hop,pittsburgh rap,rap,,,,
70,Alright,Kendrick Lamar,To Pimp A Butterfly,219.333,79,2015-03-16,https://i.scdn.co/image/ab67616d0000b273cdb645498cd3d8a2db4d05e1,https://i.scdn.co/image/ab6761610000e5eb437b9e2a82505b3d93ff1022,"conscious hip hop, hip hop, rap, west coast rap",3iVcZ5G6tvkXZkZKlMpIUs,4,conscious hip hop,hip hop,rap,west coast rap,,,
71,Bound 2,Kanye West,Yeezus,229.146,81,2013-06-18,https://i.scdn.co/image/ab67616d0000b2731dacfbc31cc873d132958af9,https://i.scdn.co/image/ab6761610000e5eb6e835a500e791bf9c27a422a,"chicago rap, hip hop, rap",3sNVsP50132BTNlImLx70i,3,chicago rap,hip hop,rap,,,,
72,Can't Tell Me Nothing,Kanye West,Graduation,271.6,79,2007-09-11,https://i.scdn.co/image/ab67616d0000b27326f7f19c7f0381e56156c94a,https://i.scdn.co/image/ab6761610000e5eb6e835a500e791bf9c27a422a,"chicago rap, hip hop, rap",0mEdbdeRFQwBhN4xfyIeUM,3,chicago rap,hip hop,rap,,,,
73,Blue,Rels B,Player Hater,209.658,42,2015-10-17,https://i.scdn.co/image/ab67616d0000b273c5976668618b76d446eccbfa,https://i.scdn.co/image/ab6761610000e5ebd1e399fd6729a5751e1f4331,"r&b en espanol, spanish hip hop, trap latino, urbano espanol, urbano latino",5CjpTAXiZxdHfe6zsMWALx,5,r&b en espanol,spanish hip hop,trap latino,urbano espanol,urbano latino,,
74,Word Up,Rels B,Player Hater,126.667,40,2015-10-17,https://i.scdn.co/image/ab67616d0000b273c5976668618b76d446eccbfa,https://i.scdn.co/image/ab6761610000e5ebd1e399fd6729a5751e1f4331,"r&b en espanol, spanish hip hop, trap latino, urbano espanol, urbano latino",3biwjU3LLl34rL1EBP6OiS,5,r&b en espanol,spanish hip hop,trap latino,urbano espanol,urbano latino,,
75,151 Rum,JID,DiCaprio 2,156.78,67,2018-11-26,https://i.scdn.co/image/ab67616d0000b273f5991f6f1f0de2277bb8d948,https://i.scdn.co/image/ab6761610000e5eb10781f7b76a5eb0d397e02c9,"hip hop, pop rap, rap, underground hip hop",22WV03i2lBbwNVCE1g671p,4,hip hop,pop rap,rap,underground hip hop,,,
76,Die Hard,Kendrick Lamar,Mr. Morale & The Big Steppers,239.026,72,2022-05-13,https://i.scdn.co/image/ab67616d0000b2732e02117d76426a08ac7c174f,https://i.scdn.co/image/ab6761610000e5eb437b9e2a82505b3d93ff1022,"conscious hip hop, hip hop, rap, west coast rap",2g6tReTlM2Akp41g0HaeXN,4,conscious hip hop,hip hop,rap,west coast rap,,,
77,White Ferrari,Frank Ocean,Blonde,248.807,83,2016-08-20,https://i.scdn.co/image/ab67616d0000b273c5649add07ed3720be9d5526,https://i.scdn.co/image/ab6761610000e5ebee3123e593174208f9754fab,"lgbtq+ hip hop, neo soul",2LMkwUfqC6S6s6qDVlEuzV,2,lgbtq+ hip hop,neo soul,,,,,
78,Wants and Needs (feat. Lil Baby),Drake,Scary Hours 2,192.956,74,2021-03-05,https://i.scdn.co/image/ab67616d0000b2738b20e4631fa15d3953528bbc,https://i.scdn.co/image/ab6761610000e5eb4293385d324db8558179afd9,"canadian hip hop, canadian pop, hip hop, pop rap, rap",65OVbaJR5O1RmwOQx0875b,5,canadian hip hop,canadian pop,hip hop,pop rap,rap,,
79,Cash In Cash Out,Pharrell Williams,Cash In Cash Out,216.135,65,2022-06-10,https://i.scdn.co/image/ab67616d0000b2738f0df54fd6043164d7c07ae3,https://i.scdn.co/image/ab6761610000e5ebf0789cd783c20985ec3deb4e,"dance pop, pop",3S68RFe1lsdCdTMPIMJM3X,2,dance pop,pop,,,,,
80,Weekend (feat. Miguel),Mac Miller,GO:OD AM,208.08,73,2015-09-18,https://i.scdn.co/image/ab67616d0000b273ee0f38410382a255e4fb15f4,https://i.scdn.co/image/ab6761610000e5ebed3b89aa602145fde71a163a,"hip hop, pittsburgh rap, rap",6GnhWMhgJb7uyiiPEiEkDA,3,hip hop,pittsburgh rap,rap,,,,
81,Low Cost,Rels B,Inéditos,163.343,52,2017-03-09,https://i.scdn.co/image/ab67616d0000b273990bcd9e62b1abe267106cff,https://i.scdn.co/image/ab6761610000e5ebd1e399fd6729a5751e1f4331,"r&b en espanol, spanish hip hop, trap latino, urbano espanol, urbano latino",6LSXaYBE8jL5rJl0eImVfu,5,r&b en espanol,spanish hip hop,trap latino,urbano espanol,urbano latino,,
82,Let M3 Xplain,Kidd Keo,Let M3 Xplain,211.217,53,2018-07-25,https://i.scdn.co/image/ab67616d0000b2739601db0b092c9110874560c3,https://i.scdn.co/image/ab6761610000e5ebf9c6ecc851bd73b3c174442e,"drill espanol, trap latino, trap triste, urbano espanol, urbano latino",52zLWUiM0kyUPTokyAsOW7,5,drill espanol,trap latino,trap triste,urbano espanol,urbano latino,,
83,Off The Grid,Kanye West,Donda,339.249,67,2021-08-29,https://i.scdn.co/image/ab67616d0000b273cad190f1a73c024e5a40dddd,https://i.scdn.co/image/ab6761610000e5eb6e835a500e791bf9c27a422a,"chicago rap, hip hop, rap",6LNoArVBBVZzUTUiAX2aKO,3,chicago rap,hip hop,rap,,,,
84,Devil In A New Dress,Kanye West,My Beautiful Dark Twisted Fantasy,351.946,76,2010-11-22,https://i.scdn.co/image/ab67616d0000b273d9194aa18fa4c9362b47464f,https://i.scdn.co/image/ab6761610000e5eb6e835a500e791bf9c27a422a,"chicago rap, hip hop, rap",1UGD3lW3tDmgZfAVDh6w7r,3,chicago rap,hip hop,rap,,,,
85,ARMAGEDON,Kidd Keo,BACK TO ROCKPORT,188.245,40,2020-08-28,https://i.scdn.co/image/ab67616d0000b273bfd9529b9525565e385ecde5,https://i.scdn.co/image/ab6761610000e5ebf9c6ecc851bd73b3c174442e,"drill espanol, trap latino, trap triste, urbano espanol, urbano latino",3204cFVa5qG84Aa4nuPkMj,5,drill espanol,trap latino,trap triste,urbano espanol,urbano latino,,
86,3500 (feat. Future & 2 Chainz),Travis Scott,Rodeo,461.84,68,2015-09-04,https://i.scdn.co/image/ab67616d0000b2736cfd9a7353f98f5165ea6160,https://i.scdn.co/image/ab6761610000e5eb19c2790744c792d05570bb71,"rap, slap house",1SGt65i9AnXYdDQt1AtDRH,2,rap,slap house,,,,,
87,vent,Baby Keem,The Melodic Blue,136.572,64,2021-09-10,https://i.scdn.co/image/ab67616d0000b2731bfa23b13d0504fb90c37b39,https://i.scdn.co/image/ab6761610000e5ebd6f2323c1971fd5a70cd0255,"hip hop, rap",1ITpqT1kDATCtMBwOK7sYn,2,hip hop,rap,,,,,
88,HUMBLE.,Kendrick Lamar,DAMN.,177.0,84,2017-04-14,https://i.scdn.co/image/ab67616d0000b2738b52c6b9bc4e43d873869699,https://i.scdn.co/image/ab6761610000e5eb437b9e2a82505b3d93ff1022,"conscious hip hop, hip hop, rap, west coast rap",7KXjTSCq5nL1LoYtL7XAwS,4,conscious hip hop,hip hop,rap,west coast rap,,,
89,Mona Lisa (feat. Kendrick Lamar),Lil Wayne,Tha Carter V,324.189,68,2018-09-28,https://i.scdn.co/image/ab67616d0000b273bb1138165ad4ec2306f4e886,https://i.scdn.co/image/ab6761610000e5ebc1c08e541eae3cc82c6988c4,"hip hop, new orleans rap, pop rap, rap, trap",0dbTQYW3Ad1FTzIA9t90E8,5,hip hop,new orleans rap,pop rap,rap,trap,,
90,"Telephone Calls (feat. A$AP Rocky, Tyler, The Creator, Playboi Carti & Yung Gleesh)",A$AP Mob,Cozy Tapes: Vol. 1 Friends -,230.92,55,2016-10-31,https://i.scdn.co/image/ab67616d0000b27330eaf29813f551d9188ad35a,https://i.scdn.co/image/ab6761610000e5eb566918b7180f8965defe862e,"hip hop, rap, southern hip hop, trap",5VnpYqIzm02X9gOhVElQo3,4,hip hop,rap,southern hip hop,trap,,,
91,One Lova,Guerreros del Bajo,Dos Mil Siempre,290.116,53,2017,https://i.scdn.co/image/ab67616d0000b273d61024635d1b7e0d237ae7c0,https://i.scdn.co/image/ab6761610000e5eb3c3e3f7031273f3cf70f33c6,"peruvian hip hop, trap peruano",7f3y3Wpgy5xetFmyuNyXlF,2,peruvian hip hop,trap peruano,,,,,
92,Sabanas,Guerreros del Bajo,Dos Mil Siempre,189.053,55,2017,https://i.scdn.co/image/ab67616d0000b273d61024635d1b7e0d237ae7c0,https://i.scdn.co/image/ab6761610000e5eb3c3e3f7031273f3cf70f33c6,"peruvian hip hop, trap peruano",5x0Ph9m3Dtzz38IyGC1AVM,2,peruvian hip hop,trap peruano,,,,,
93,Call Me,Guerreros del Bajo,Dos Mil Siempre,268.446,50,2017,https://i.scdn.co/image/ab67616d0000b273d61024635d1b7e0d237ae7c0,https://i.scdn.co/image/ab6761610000e5eb3c3e3f7031273f3cf70f33c6,"peruvian hip hop, trap peruano",6Vv1NoUZrc35AllBOJA9iJ,2,peruvian hip hop,trap peruano,,,,,
94,Sin Ti,Guerreros del Bajo,Dos Mil Siempre,321.053,49,2017,https://i.scdn.co/image/ab67616d0000b273d61024635d1b7e0d237ae7c0,https://i.scdn.co/image/ab6761610000e5eb3c3e3f7031273f3cf70f33c6,"peruvian hip hop, trap peruano",0ZQmEyV5e0nz1KaU4YKjU4,2,peruvian hip hop,trap peruano,,,,,
95,My Girl,Gonzalo Genek,Licor Amor & Jazz,154.68,57,2015-09-07,https://i.scdn.co/image/ab67616d0000b273c95423c953cc5d78941e4396,https://i.scdn.co/image/ab6761610000e5ebb5badd89886f9561b16edbba,"peruvian hip hop, trap peruano",1tREl7Eo7dMS6JZe6wQKT5,2,peruvian hip hop,trap peruano,,,,,
96,Cinderella,Future,WE DON'T TRUST YOU,169.84,77,2024-03-22,https://i.scdn.co/image/ab67616d0000b273a46b07c291e6dfdee13b3ee8,https://i.scdn.co/image/ab6761610000e5eb7565b356bc9d9394eefa2ccb,"atl hip hop, hip hop, rap, southern hip hop, trap",0hKtu53OlIFXVuYkZwcn3o,5,atl hip hop,hip hop,rap,southern hip hop,trap,,
97,Praise The Lord (Da Shine) (feat. Skepta),A$AP Rocky,TESTING,205.04,80,2018-05-25,https://i.scdn.co/image/ab67616d0000b2739feadc48ab0661e9b3a9170b,https://i.scdn.co/image/ab6761610000e5eb5c58c41a506a0d6b32cc6cad,"east coast hip hop, hip hop, rap",7ycWLEP1GsNjVvcjawXz3z,3,east coast hip hop,hip hop,rap,,,,
98,SICKO MODE,Travis Scott,ASTROWORLD,312.82,81,2018-08-03,https://i.scdn.co/image/ab67616d0000b273072e9faef2ef7b6db63834a3,https://i.scdn.co/image/ab6761610000e5eb19c2790744c792d05570bb71,"rap, slap house",2xLMifQCjDGFmkHkpNLD9h,2,rap,slap house,,,,,
99,"God Is Fair, Sexy Nasty (feat. Kendrick Lamar)",Mac Miller,The Divine Feminine,500.96,61,2016-09-16,https://i.scdn.co/image/ab67616d0000b2732e92f776279eaf45d14a33fd,https://i.scdn.co/image/ab6761610000e5ebed3b89aa602145fde71a163a,"hip hop, pittsburgh rap, rap",6hzbRKhJHo6cfCHSnNaDS8,3,hip hop,pittsburgh rap,rap,,,,
100,Follow God,Kanye West,JESUS IS KING,104.591,72,2019-10-25,https://i.scdn.co/image/ab67616d0000b2731bb797bbfe2480650b6c2964,https://i.scdn.co/image/ab6761610000e5eb6e835a500e791bf9c27a422a,"chicago rap, hip hop, rap",2QpGZOhTCHHiKmpSO9FW4h,3,chicago rap,hip hop,rap,,,,
101,Look At Me!,XXXTENTACION,Look At Me!,126.345,79,2017-02-20,https://i.scdn.co/image/ab67616d0000b27371af28545729f60b3eca66f7,https://i.scdn.co/image/ab6761610000e5ebf0c20db5ef6c6fbe5135d2e4,"emo rap, miami hip hop, rap",7floNISpH8VF4z4459Qo18,3,emo rap,miami hip hop,rap,,,,
102,No Puedo,Gonzalo Genek,Licor Amor & Jazz,181.34,54,2015-09-07,https://i.scdn.co/image/ab67616d0000b273c95423c953cc5d78941e4396,https://i.scdn.co/image/ab6761610000e5ebb5badd89886f9561b16edbba,"peruvian hip hop, trap peruano",6tR7jCnOKTWzhIMbDdXgSu,2,peruvian hip hop,trap peruano,,,,,
103,Por la Espalda,Colectivo4Kinze,Por la Espalda,303.438,19,2014-03-30,https://i.scdn.co/image/ab67616d0000b27331e4d1a0fc12ef6acbe66912,https://i.scdn.co/image/ab67616d0000b27331e4d1a0fc12ef6acbe66912,,65MwTlymMuQbxp3LGLqdCp,1,,,,,,,
104,The King's Affirmation,Iniko,The King's Affirmation,159.344,65,2022-04-29,https://i.scdn.co/image/ab67616d0000b273f04ad7722a049f82d59f2c3e,https://i.scdn.co/image/ab6761610000e5ebeb7dfa4683ae9797270b3410,high vibe,4RLHj4aXHBZIWPBsXqEGgO,1,high vibe,,,,,,
105,Sundress,A$AP Rocky,Sundress,158.205,81,2018-11-20,https://i.scdn.co/image/ab67616d0000b2731ae967e4a02c7a39eb3c189b,https://i.scdn.co/image/ab6761610000e5eb5c58c41a506a0d6b32cc6cad,"east coast hip hop, hip hop, rap",2aPTvyE09vUCRwVvj0I8WK,3,east coast hip hop,hip hop,rap,,,,
106,Can't Be Stopped,EFESIAN,Can't Be Stopped,207.781,38,2023-06-15,https://i.scdn.co/image/ab67616d0000b27394c81c0f5d5648128cbee93e,https://i.scdn.co/image/ab6761610000e5eba965c7387fb055245b677716,,1z7RJrdeNk3do0znCWNiBT,1,,,,,,,
107,One Time,Justin Bieber,My World,215.866,71,2009-01-01,https://i.scdn.co/image/ab67616d0000b2737c3bb9f74a98f60bdda6c9a7,https://i.scdn.co/image/ab6761610000e5eb8ae7f2aaa9817a704a87ea36,"canadian pop, pop",6eDApnV9Jdb1nYahOlbbUh,2,canadian pop,pop,,,,,
108,21 Questions,50 Cent,Get Rich Or Die Tryin',224.44,76,2003-02-06,https://i.scdn.co/image/ab67616d0000b273d843fabb75fef14010e30cae,https://i.scdn.co/image/dd031b9c5d1b6eba4a691cd89c954255aae787f2,"east coast hip hop, gangster rap, hip hop, pop rap, queens hip hop, rap",70FCugJxa7XW04Np6iYJdI,6,east coast hip hop,gangster rap,hip hop,pop rap,queens hip hop,rap,
109,Chicago Freestyle (feat. Giveon),Drake,Dark Lane Demo Tapes,220.487,77,2020-05-01,https://i.scdn.co/image/ab67616d0000b273bba7cfaf7c59ff0898acba1f,https://i.scdn.co/image/ab6761610000e5eb4293385d324db8558179afd9,"canadian hip hop, canadian pop, hip hop, pop rap, rap",4wVOKKEHUJxHCFFNUWDn0B,5,canadian hip hop,canadian pop,hip hop,pop rap,rap,,
110,GRIS,Lil Supa,YEYO,142.439,37,2022-02-22,https://i.scdn.co/image/ab67616d0000b2738883facea6c59cd0ac4fd14a,https://i.scdn.co/image/ab6761610000e5eb6215bab6e478115ac5a2221e,"boom bap espanol, pop venezolano, rap conciencia, trap venezolano, venezuelan hip hop",387f30H5V1JWFHo94RvqE9,5,boom bap espanol,pop venezolano,rap conciencia,trap venezolano,venezuelan hip hop,,
111,Serio,Lil Supa,Serio,64.693,29,2017-02-03,https://i.scdn.co/image/ab67616d0000b273abd78163429ef4cae77b970f,https://i.scdn.co/image/ab6761610000e5eb6215bab6e478115ac5a2221e,"boom bap espanol, pop venezolano, rap conciencia, trap venezolano, venezuelan hip hop",6JlqSgMSdggTQwUB3V5b08,5,boom bap espanol,pop venezolano,rap conciencia,trap venezolano,venezuelan hip hop,,
112,LOYALTY. FEAT. RIHANNA.,Kendrick Lamar,DAMN.,227.36,76,2017-04-14,https://i.scdn.co/image/ab67616d0000b2738b52c6b9bc4e43d873869699,https://i.scdn.co/image/ab6761610000e5eb437b9e2a82505b3d93ff1022,"conscious hip hop, hip hop, rap, west coast rap",6SwRhMLwNqEi6alNPVG00n,4,conscious hip hop,hip hop,rap,west coast rap,,,
113,All Mine,Kanye West,ye,145.506,72,2018-06-01,https://i.scdn.co/image/ab67616d0000b2730cd942c1a864afa4e92d04f2,https://i.scdn.co/image/ab6761610000e5eb6e835a500e791bf9c27a422a,"chicago rap, hip hop, rap",3U21A07gAloCc4P7J8rxcn,3,chicago rap,hip hop,rap,,,,
114,Love Me,Lil Wayne,I Am Not A Human Being II (Deluxe),255.053,82,2013-01-01,https://i.scdn.co/image/ab67616d0000b27380c64a084164867806ea617a,https://i.scdn.co/image/ab6761610000e5ebc1c08e541eae3cc82c6988c4,"hip hop, new orleans rap, pop rap, rap, trap",2XHzzp1j4IfTNp1FTn7YFg,5,hip hop,new orleans rap,pop rap,rap,trap,,
115,DUCKWORTH.,Kendrick Lamar,DAMN.,248.613,73,2017-04-14,https://i.scdn.co/image/ab67616d0000b2738b52c6b9bc4e43d873869699,https://i.scdn.co/image/ab6761610000e5eb437b9e2a82505b3d93ff1022,"conscious hip hop, hip hop, rap, west coast rap",0y9uTzK9cNKSAEHnpeRG8C,4,conscious hip hop,hip hop,rap,west coast rap,,,
116,No More Parties In LA,Kanye West,The Life Of Pablo,374.413,71,2016-06-10,https://i.scdn.co/image/ab67616d0000b2732a7db835b912dc5014bd37f4,https://i.scdn.co/image/ab6761610000e5eb6e835a500e791bf9c27a422a,"chicago rap, hip hop, rap",0zLClc0emc6qUeV1p5nc99,3,chicago rap,hip hop,rap,,,,
117,Violent Crimes,Kanye West,ye,215.32,81,2018-06-01,https://i.scdn.co/image/ab67616d0000b2730cd942c1a864afa4e92d04f2,https://i.scdn.co/image/ab6761610000e5eb6e835a500e791bf9c27a422a,"chicago rap, hip hop, rap",3s7MCdXyWmwjdcWh7GWXas,3,chicago rap,hip hop,rap,,,,
118,TELEFONO NUEVO,Bad Bunny,nadie sabe lo que va a pasar mañana,354.784,69,2023-10-13,https://i.scdn.co/image/ab67616d0000b2737b1fc51ff3257b5286a1ecec,https://i.scdn.co/image/ab6761610000e5eb744a4243fb6cc938011a98f4,"reggaeton, trap latino, urbano latino",01ppKlDRCmPpusO3yNrSRY,3,reggaeton,trap latino,urbano latino,,,,
119,MERCEDES CAROTA,Bad Bunny,nadie sabe lo que va a pasar mañana,202.635,69,2023-10-13,https://i.scdn.co/image/ab67616d0000b2737b1fc51ff3257b5286a1ecec,https://i.scdn.co/image/ab6761610000e5eb744a4243fb6cc938011a98f4,"reggaeton, trap latino, urbano latino",3TYOH7ta0101NYssoH5GlU,3,reggaeton,trap latino,urbano latino,,,,
120,WHERE SHE GOES,Bad Bunny,nadie sabe lo que va a pasar mañana,231.704,68,2023-10-13,https://i.scdn.co/image/ab67616d0000b2737b1fc51ff3257b5286a1ecec,https://i.scdn.co/image/ab6761610000e5eb744a4243fb6cc938011a98f4,"reggaeton, trap latino, urbano latino",2sTDlCxmuZCTDKKk9f1qus,3,reggaeton,trap latino,urbano latino,,,,
121,Fuck Love,XXXTENTACION,17,146.52,84,2017-08-25,https://i.scdn.co/image/ab67616d0000b273203c89bd4391468eea4cc3f5,https://i.scdn.co/image/ab6761610000e5ebf0c20db5ef6c6fbe5135d2e4,"emo rap, miami hip hop, rap",7AQim7LbvFVZJE3O8TYgf2,3,emo rap,miami hip hop,rap,,,,
122,Many Men (Wish Death),50 Cent,Get Rich Or Die Tryin',256.24,76,2003-02-06,https://i.scdn.co/image/ab67616d0000b273d843fabb75fef14010e30cae,https://i.scdn.co/image/dd031b9c5d1b6eba4a691cd89c954255aae787f2,"east coast hip hop, gangster rap, hip hop, pop rap, queens hip hop, rap",5STdMlrBf6pqWiNE7WqxSi,6,east coast hip hop,gangster rap,hip hop,pop rap,queens hip hop,rap,
123,These Walls,Kendrick Lamar,To Pimp A Butterfly,300.973,66,2015-03-16,https://i.scdn.co/image/ab67616d0000b273cdb645498cd3d8a2db4d05e1,https://i.scdn.co/image/ab6761610000e5eb437b9e2a82505b3d93ff1022,"conscious hip hop, hip hop, rap, west coast rap",7uWVT3UkCAZyANvv0bdyQn,4,conscious hip hop,hip hop,rap,west coast rap,,,
124,Pt. 2,Kanye West,The Life Of Pablo,130.293,63,2016-06-10,https://i.scdn.co/image/ab67616d0000b2732a7db835b912dc5014bd37f4,https://i.scdn.co/image/ab6761610000e5eb6e835a500e791bf9c27a422a,"chicago rap, hip hop, rap",1Wsbr1d2BouNGk2q92mIj7,3,chicago rap,hip hop,rap,,,,
125,King Kunta,Kendrick Lamar,To Pimp A Butterfly,234.693,73,2015-03-16,https://i.scdn.co/image/ab67616d0000b273cdb645498cd3d8a2db4d05e1,https://i.scdn.co/image/ab6761610000e5eb437b9e2a82505b3d93ff1022,"conscious hip hop, hip hop, rap, west coast rap",0N3W5peJUQtI4eyR6GJT5O,4,conscious hip hop,hip hop,rap,west coast rap,,,
126,i,Kendrick Lamar,To Pimp A Butterfly,336.013,62,2015-03-16,https://i.scdn.co/image/ab67616d0000b273cdb645498cd3d8a2db4d05e1,https://i.scdn.co/image/ab6761610000e5eb437b9e2a82505b3d93ff1022,"conscious hip hop, hip hop, rap, west coast rap",3ODXRUPL44f04cCacwiCLC,4,conscious hip hop,hip hop,rap,west coast rap,,,
127,u,Kendrick Lamar,To Pimp A Butterfly,268.493,61,2015-03-16,https://i.scdn.co/image/ab67616d0000b273cdb645498cd3d8a2db4d05e1,https://i.scdn.co/image/ab6761610000e5eb437b9e2a82505b3d93ff1022,"conscious hip hop, hip hop, rap, west coast rap",1bxEpNR75Hq3T2oF9AZjt8,4,conscious hip hop,hip hop,rap,west coast rap,,,
128,All Of The Lights,Kanye West,My Beautiful Dark Twisted Fantasy,299.613,77,2010-11-22,https://i.scdn.co/image/ab67616d0000b273d9194aa18fa4c9362b47464f,https://i.scdn.co/image/ab6761610000e5eb6e835a500e791bf9c27a422a,"chicago rap, hip hop, rap",22L7bfCiAkJo5xGSQgmiIO,3,chicago rap,hip hop,rap,,,,
129,Just Wanna Rock,Lil Uzi Vert,Pink Tape,123.89,73,2023-06-30,https://i.scdn.co/image/ab67616d0000b273a0e7694a73abed7372474d69,https://i.scdn.co/image/ab6761610000e5eb1234d2f516796badbdf16a89,"hip hop, melodic rap, philly rap, rage rap, rap, trap",4Ls53fBNVfaXTROBi6X8Hw,6,hip hop,melodic rap,philly rap,rage rap,rap,trap,
130,Ni**as In Paris,JAY-Z,Watch The Throne,219.333,80,2011-08-08,https://i.scdn.co/image/ab67616d0000b27352e61456aa4995ba48d94e30,https://i.scdn.co/image/ab6761610000e5ebc75afcd5a9027f60eaebb5e4,"east coast hip hop, gangster rap, hip hop, pop rap, rap",1auxYwYrFRqZP7t3s7w4um,5,east coast hip hop,gangster rap,hip hop,pop rap,rap,,
131,Major Distribution,Drake,Her Loss,170.501,65,2022-11-04,https://i.scdn.co/image/ab67616d0000b27302854a7060fccc1a66a4b5ad,https://i.scdn.co/image/ab6761610000e5eb4293385d324db8558179afd9,"canadian hip hop, canadian pop, hip hop, pop rap, rap",46s57QULU02Voy0Kup6UEb,5,canadian hip hop,canadian pop,hip hop,pop rap,rap,,
132,No Mistakes,Kanye West,ye,123.04,62,2018-06-01,https://i.scdn.co/image/ab67616d0000b2730cd942c1a864afa4e92d04f2,https://i.scdn.co/image/ab6761610000e5eb6e835a500e791bf9c27a422a,"chicago rap, hip hop, rap",35KV2Nuib6jPMVN00O8iba,3,chicago rap,hip hop,rap,,,,
133,Hood Politics,Kendrick Lamar,To Pimp A Butterfly,292.52,60,2015-03-16,https://i.scdn.co/image/ab67616d0000b273cdb645498cd3d8a2db4d05e1,https://i.scdn.co/image/ab6761610000e5eb437b9e2a82505b3d93ff1022,"conscious hip hop, hip hop, rap, west coast rap",2UOYzhusMTypF7oAQwksCj,4,conscious hip hop,hip hop,rap,west coast rap,,,
134,Not Like Us,Kendrick Lamar,Not Like Us,274.192,90,2024-05-04,https://i.scdn.co/image/ab67616d0000b2731ea0c62b2339cbf493a999ad,https://i.scdn.co/image/ab6761610000e5eb437b9e2a82505b3d93ff1022,"conscious hip hop, hip hop, rap, west coast rap",6AI3ezQ4o3HUoP6Dhudph3,4,conscious hip hop,hip hop,rap,west coast rap,,,
135,The Blacker The Berry,Kendrick Lamar,To Pimp A Butterfly,328.826,61,2015-03-16,https://i.scdn.co/image/ab67616d0000b273cdb645498cd3d8a2db4d05e1,https://i.scdn.co/image/ab6761610000e5eb437b9e2a82505b3d93ff1022,"conscious hip hop, hip hop, rap, west coast rap",5Mtt6tZSZA9cXTHGSGpyh0,4,conscious hip hop,hip hop,rap,west coast rap,,,
136,Blow My High (Members Only),Kendrick Lamar,Section.80,215.791,59,2011-07-02,https://i.scdn.co/image/ab67616d0000b273eddb2639b74ac6c202032ebe,https://i.scdn.co/image/ab6761610000e5eb437b9e2a82505b3d93ff1022,"conscious hip hop, hip hop, rap, west coast rap",1FRF0NHXBW4ecdulGkTzJY,4,conscious hip hop,hip hop,rap,west coast rap,,,
137,"Sing About Me, I'm Dying Of Thirst",Kendrick Lamar,"good kid, m.A.A.d city (Deluxe)",723.573,60,2012-10-22,https://i.scdn.co/image/ab67616d0000b27378de8b28de36a74afc0348b5,https://i.scdn.co/image/ab6761610000e5eb437b9e2a82505b3d93ff1022,"conscious hip hop, hip hop, rap, west coast rap",1Z2FvDFZSDQ23s4BDqpWqZ,4,conscious hip hop,hip hop,rap,west coast rap,,,
138,Tú,Myke Towers,Easy Money Baby,204.746,70,2020-01-24,https://i.scdn.co/image/ab67616d0000b273a01abf0f3b93ee5902fef2a7,https://i.scdn.co/image/ab6761610000e5eb8372345609bebaf1e948ef7f,"reggaeton, trap latino, urbano latino",7xX3wvvcZvxGCa06KlgTCp,3,reggaeton,trap latino,urbano latino,,,,
139,"Everyday (feat. Rod Stewart, Miguel & Mark Ronson)",A$AP Rocky,AT.LONG.LAST.A$AP,260.986,78,2015-05-26,https://i.scdn.co/image/ab67616d0000b27381a6a2cafab2e7a4066b5eec,https://i.scdn.co/image/ab6761610000e5eb5c58c41a506a0d6b32cc6cad,"east coast hip hop, hip hop, rap",2N3U8uTYhjX2KwGT0pf5x0,3,east coast hip hop,hip hop,rap,,,,
140,Big Dawgs,Hanumankind,Big Dawgs,190.666,89,2024-07-09,https://i.scdn.co/image/ab67616d0000b273d9afe5c70c43cb2bd34605ea,https://i.scdn.co/image/ab6761610000e5ebd5a94f1d05a422f1057b0e90,"desi hip hop, indian underground rap, malayalam hip hop",0OA00aPt3BV10qeMIs3meW,3,desi hip hop,indian underground rap,malayalam hip hop,,,,
141,God Is,Kanye West,JESUS IS KING,203.141,74,2019-10-25,https://i.scdn.co/image/ab67616d0000b2731bb797bbfe2480650b6c2964,https://i.scdn.co/image/ab6761610000e5eb6e835a500e791bf9c27a422a,"chicago rap, hip hop, rap",6xRWoYwfwIKnT8bQGzKbxR,3,chicago rap,hip hop,rap,,,,
142,Only One,Kanye West,Only One,280.226,55,2015-01-08,https://i.scdn.co/image/ab67616d0000b273f2209e63affaa48af1b0a3b5,https://i.scdn.co/image/ab6761610000e5eb6e835a500e791bf9c27a422a,"chicago rap, hip hop, rap",0j35X8cTq543QDYLOyqB8W,3,chicago rap,hip hop,rap,,,,
143,balearico,Rels B,balearico,150.697,70,2024-08-28,https://i.scdn.co/image/ab67616d0000b2737c5e76c43abd886f4d45004b,https://i.scdn.co/image/ab6761610000e5ebd1e399fd6729a5751e1f4331,"r&b en espanol, spanish hip hop, trap latino, urbano espanol, urbano latino",1wAkBB3pOOjOPAWnjJKvoh,5,r&b en espanol,spanish hip hop,trap latino,urbano espanol,urbano latino,,
144,Mamacita (feat. Rich Homie Quan & Young Thug),Travis Scott,Mamacita (feat. Rich Homie Quan & Young Thug),274.32,63,2014-08-18,https://i.scdn.co/image/ab67616d0000b273a53a4cb046216d7ac049b5bf,https://i.scdn.co/image/ab6761610000e5eb19c2790744c792d05570bb71,"rap, slap house",3SEd8nPd8MpGwk6ZZ8tk2j,2,rap,slap house,,,,,
145,Come to Life,Kanye West,Donda,310.393,58,2021-08-29,https://i.scdn.co/image/ab67616d0000b273cad190f1a73c024e5a40dddd,https://i.scdn.co/image/ab6761610000e5eb6e835a500e791bf9c27a422a,"chicago rap, hip hop, rap",5xvXeuxISyXJDRbZZf4uzd,3,chicago rap,hip hop,rap,,,,
146,Ok Ok pt 2,Kanye West,Donda,204.629,46,2021-08-29,https://i.scdn.co/image/ab67616d0000b273cad190f1a73c024e5a40dddd,https://i.scdn.co/image/ab6761610000e5eb6e835a500e791bf9c27a422a,"chicago rap, hip hop, rap",5ad5uryyzVWs95bK3myGkw,3,chicago rap,hip hop,rap,,,,
147,24,Kanye West,Donda,197.898,58,2021-08-29,https://i.scdn.co/image/ab67616d0000b273cad190f1a73c024e5a40dddd,https://i.scdn.co/image/ab6761610000e5eb6e835a500e791bf9c27a422a,"chicago rap, hip hop, rap",68RhNM8ehkarnEKnCkqlsp,3,chicago rap,hip hop,rap,,,,
148,Vent,NOIT,Vent,176.898,65,2024-03-01,https://i.scdn.co/image/ab67616d0000b27344ae2446b555ef7c0b2b4cda,https://i.scdn.co/image/ab6761610000e5ebb75a4c19b062aa5bac368037,,4yMXKeuRDOIzrh3fBiJYds,1,,,,,,,
149,Diles,Bad Bunny,Diles,286.04,78,2016-08-26,https://i.scdn.co/image/ab67616d0000b273f62aa1dd0b43f583418cd018,https://i.scdn.co/image/ab6761610000e5eb744a4243fb6cc938011a98f4,"reggaeton, trap latino, urbano latino",6C1RD7YQVvt3YQj0CmuTeu,3,reggaeton,trap latino,urbano latino,,,,
150,Soy Peor,Bad Bunny,Soy Peor,257.384,71,2016-12-08,https://i.scdn.co/image/ab67616d0000b273955c3c2ac8d97e1355b2e3c2,https://i.scdn.co/image/ab6761610000e5eb744a4243fb6cc938011a98f4,"reggaeton, trap latino, urbano latino",1JxhrUWZjuI8AOjDJ1JpMN,3,reggaeton,trap latino,urbano latino,,,,
151,Tu No Vive Asi (feat. Mambo Kingz & DJ Luian),Arcángel,Tu No Vive Asi (feat. Mambo Kingz & DJ Luian),264.0,75,2016-09-30,https://i.scdn.co/image/ab67616d0000b2739bf23abed0a1e730a90d3490,https://i.scdn.co/image/ab6761610000e5ebafdf17286a0d7a23ad388587,"latin hip hop, reggaeton, trap latino, urbano latino",6NSMQFKgjpQb0KkjMDYIK0,4,latin hip hop,reggaeton,trap latino,urbano latino,,,
152,0 Sentimientos - Remix,Jon Z,0 Sentimientos (Remix),335.792,63,2017-03-08,https://i.scdn.co/image/ab67616d0000b273f3e57f5cf190c9f311f58a61,https://i.scdn.co/image/ab6761610000e5eb76416e63bfdf421b2ff80a54,"reggaeton, trap latino, urbano latino",3vriYSzwDF3OeGWJKXZcJw,3,reggaeton,trap latino,urbano latino,,,,
153,Every Hour,Kanye West,JESUS IS KING,112.239,56,2019-10-25,https://i.scdn.co/image/ab67616d0000b2731bb797bbfe2480650b6c2964,https://i.scdn.co/image/ab6761610000e5eb6e835a500e791bf9c27a422a,"chicago rap, hip hop, rap",1WnqWQcWcuQbVzgE7ecfCY,3,chicago rap,hip hop,rap,,,,
154,Wouldn't Leave,Kanye West,ye,205.546,60,2018-06-01,https://i.scdn.co/image/ab67616d0000b2730cd942c1a864afa4e92d04f2,https://i.scdn.co/image/ab6761610000e5eb6e835a500e791bf9c27a422a,"chicago rap, hip hop, rap",1nGoy0cEj0extAwXYNYTWd,3,chicago rap,hip hop,rap,,,,
155,Closed On Sunday,Kanye West,JESUS IS KING,151.873,62,2019-10-25,https://i.scdn.co/image/ab67616d0000b2731bb797bbfe2480650b6c2964,https://i.scdn.co/image/ab6761610000e5eb6e835a500e791bf9c27a422a,"chicago rap, hip hop, rap",3JWiDGQX2eTlFvKj3Yssj3,3,chicago rap,hip hop,rap,,,,
156,Worldwide,Big Time Rush,BTR,224.333,54,2011-04-18,https://i.scdn.co/image/ab67616d0000b2734f0e115b99c8832ceabffdd3,https://i.scdn.co/image/ab6761610000e5eb0b5d1b1e2367fff6b7936920,"boy band, pop, post-teen pop",692weSPBda8DtvL4Di1XyL,3,boy band,pop,post-teen pop,,,,
157,can't leave without it,21 Savage,i am > i was,205.351,72,2018-12-21,https://i.scdn.co/image/ab67616d0000b273280689ecc5e4b2038bb5e4bd,https://i.scdn.co/image/ab6761610000e5eb4f8f76117470957c0e81e5b2,"atl hip hop, hip hop, rap",0hPLZrnDgtKxrym1BHjDhd,3,atl hip hop,hip hop,rap,,,,
158,ball w/o you,21 Savage,i am > i was,195.046,79,2018-12-21,https://i.scdn.co/image/ab67616d0000b273280689ecc5e4b2038bb5e4bd,https://i.scdn.co/image/ab6761610000e5eb4f8f76117470957c0e81e5b2,"atl hip hop, hip hop, rap",50a8bKqlwDEqeiEknrzkTO,3,atl hip hop,hip hop,rap,,,,
159,Jukebox Joints (feat. Joe Fox & Kanye West),A$AP Rocky,AT.LONG.LAST.A$AP,323.96,72,2015-05-26,https://i.scdn.co/image/ab67616d0000b27381a6a2cafab2e7a4066b5eec,https://i.scdn.co/image/ab6761610000e5eb5c58c41a506a0d6b32cc6cad,"east coast hip hop, hip hop, rap",2gAGWaK4wvt2xrFUlR4mK8,3,east coast hip hop,hip hop,rap,,,,
160,A.D.H.D,Kendrick Lamar,Section.80,215.509,72,2011-07-02,https://i.scdn.co/image/ab67616d0000b273eddb2639b74ac6c202032ebe,https://i.scdn.co/image/ab6761610000e5eb437b9e2a82505b3d93ff1022,"conscious hip hop, hip hop, rap, west coast rap",2Fw5S2gaOSZzdN5dFoC2dj,4,conscious hip hop,hip hop,rap,west coast rap,,,
161,All Falls Down,Kanye West,The College Dropout,223.506,81,2004-02-10,https://i.scdn.co/image/ab67616d0000b27325b055377757b3cdd6f26b78,https://i.scdn.co/image/ab6761610000e5eb6e835a500e791bf9c27a422a,"chicago rap, hip hop, rap",5SkRLpaGtvYPhw02vZhQQ9,3,chicago rap,hip hop,rap,,,,
162,N95,Kendrick Lamar,Mr. Morale & The Big Steppers,195.95,76,2022-05-13,https://i.scdn.co/image/ab67616d0000b2732e02117d76426a08ac7c174f,https://i.scdn.co/image/ab6761610000e5eb437b9e2a82505b3d93ff1022,"conscious hip hop, hip hop, rap, west coast rap",0fX4oNGBWO3dSGUZcVdVV2,4,conscious hip hop,hip hop,rap,west coast rap,,,
163,Location,Playboi Carti,Playboi Carti,168.783,76,2017-04-14,https://i.scdn.co/image/ab67616d0000b273e31a279d267f3b3d8912e6f1,https://i.scdn.co/image/ab6761610000e5ebb3d8cd43a716a031fe7e1ab6,"atl hip hop, plugg, pluggnb, rage rap, rap",3yk7PJnryiJ8mAPqsrujzf,5,atl hip hop,plugg,pluggnb,rage rap,rap,,
164,ILoveUIHateU,Playboi Carti,Whole Lotta Red,135.122,77,2020-12-25,https://i.scdn.co/image/ab67616d0000b27398ea0e689c91f8fea726d9bb,https://i.scdn.co/image/ab6761610000e5ebb3d8cd43a716a031fe7e1ab6,"atl hip hop, plugg, pluggnb, rage rap, rap",1BpKJw4RZxaFB88NE5uxXf,5,atl hip hop,plugg,pluggnb,rage rap,rap,,
165,Champagne Poetry,Drake,Certified Lover Boy,336.511,69,2021-09-03,https://i.scdn.co/image/ab67616d0000b273cd945b4e3de57edd28481a3f,https://i.scdn.co/image/ab6761610000e5eb4293385d324db8558179afd9,"canadian hip hop, canadian pop, hip hop, pop rap, rap",2HSmyk2qMN8WQjuGhaQgCk,5,canadian hip hop,canadian pop,hip hop,pop rap,rap,,
166,Private Landing (feat. Justin Bieber & Future),Don Toliver,Love Sick,238.253,75,2023-02-24,https://i.scdn.co/image/ab67616d0000b273feeff698e6090e6b02f21ec0,https://i.scdn.co/image/ab6761610000e5eb62d52993e245cb161f89b01c,rap,52NGJPcLUzQq5w7uv4e5gf,1,rap,,,,,,
167,4 Your Eyez Only,J. Cole,4 Your Eyez Only,530.253,64,2016-12-09,https://i.scdn.co/image/ab67616d0000b273f4ca75192df162f78a24023e,https://i.scdn.co/image/ab6761610000e5eb4b053c29fd4b317ff825f0dc,"conscious hip hop, hip hop, north carolina hip hop, rap",1vvnYpYEMVB4aq9I6tHIEB,4,conscious hip hop,hip hop,north carolina hip hop,rap,,,
168,R.I.P.,Playboi Carti,Die Lit,192.026,74,2018-05-11,https://i.scdn.co/image/ab67616d0000b273a1e867d40e7bb29ced5c0194,https://i.scdn.co/image/ab6761610000e5ebb3d8cd43a716a031fe7e1ab6,"atl hip hop, plugg, pluggnb, rage rap, rap",3L0IKstjUgDFVQAbQIRZRv,5,atl hip hop,plugg,pluggnb,rage rap,rap,,
169,No Heart,21 Savage,Savage Mode,235.04,68,2016-07-15,https://i.scdn.co/image/ab67616d0000b2732dd1ac4a61495080ef8f78ca,https://i.scdn.co/image/ab6761610000e5eb4f8f76117470957c0e81e5b2,"atl hip hop, hip hop, rap",4gmmRb6bZJffOOiww1JGTO,3,atl hip hop,hip hop,rap,,,,
170,Work Out,J. Cole,Cole World: The Sideline Story,235.32,80,2011-09-27,https://i.scdn.co/image/ab67616d0000b27399da48a530f6ca2ef86da3cc,https://i.scdn.co/image/ab6761610000e5eb4b053c29fd4b317ff825f0dc,"conscious hip hop, hip hop, north carolina hip hop, rap",2wAJTrFhCnQyNSD3oUgTZO,4,conscious hip hop,hip hop,north carolina hip hop,rap,,,
171,Many Men,21 Savage,SAVAGE MODE II,201.856,66,2020-10-02,https://i.scdn.co/image/ab67616d0000b273aa57907bf0cb2ca0c8cc74bc,https://i.scdn.co/image/ab6761610000e5eb4f8f76117470957c0e81e5b2,"atl hip hop, hip hop, rap",3CDVMejYHnB1SkEEx0T1N4,3,atl hip hop,hip hop,rap,,,,
172,Life Of The Party (with André 3000),Kanye West,Donda (Deluxe),391.656,60,2021-11-14,https://i.scdn.co/image/ab67616d0000b273c5663e50de353981ed2b1a37,https://i.scdn.co/image/ab6761610000e5eb6e835a500e791bf9c27a422a,"chicago rap, hip hop, rap",2yBb1CRq98SSWRuDSn36SZ,3,chicago rap,hip hop,rap,,,,
173,On Sight,Kanye West,Yeezus,156.48,72,2013-06-18,https://i.scdn.co/image/ab67616d0000b2731dacfbc31cc873d132958af9,https://i.scdn.co/image/ab6761610000e5eb6e835a500e791bf9c27a422a,"chicago rap, hip hop, rap",1gqkRc9WtOpnGIqxf2Hvzr,3,chicago rap,hip hop,rap,,,,
174,The Hillbillies,Baby Keem,The Hillbillies,204.8,64,2023-06-05,https://i.scdn.co/image/ab67616d0000b273c4441140f4483bb1c18fe7ae,https://i.scdn.co/image/ab6761610000e5ebd6f2323c1971fd5a70cd0255,"hip hop, rap",1h6w4POXM2LfG4ZD4xUfZQ,2,hip hop,rap,,,,,
175,Moon,Kanye West,Donda,156.091,70,2021-08-29,https://i.scdn.co/image/ab67616d0000b273cad190f1a73c024e5a40dddd,https://i.scdn.co/image/ab6761610000e5eb6e835a500e791bf9c27a422a,"chicago rap, hip hop, rap",7CC6UbCs4iGsePSzFxYxNn,3,chicago rap,hip hop,rap,,,,
176,Hol' Up,Kendrick Lamar,Section.80,173.158,63,2011-07-02,https://i.scdn.co/image/ab67616d0000b273eddb2639b74ac6c202032ebe,https://i.scdn.co/image/ab6761610000e5eb437b9e2a82505b3d93ff1022,"conscious hip hop, hip hop, rap, west coast rap",6cfVDaIdvDtYH91RqC6Wox,4,conscious hip hop,hip hop,rap,west coast rap,,,
177,Big Brother,Kanye West,Graduation,287.56,61,2007-09-11,https://i.scdn.co/image/ab67616d0000b27326f7f19c7f0381e56156c94a,https://i.scdn.co/image/ab6761610000e5eb6e835a500e791bf9c27a422a,"chicago rap, hip hop, rap",2L47m9erkB5KBZcaqWtYen,3,chicago rap,hip hop,rap,,,,
178,Hell Of A Life,Kanye West,My Beautiful Dark Twisted Fantasy,327.786,64,2010-11-22,https://i.scdn.co/image/ab67616d0000b273d9194aa18fa4c9362b47464f,https://i.scdn.co/image/ab6761610000e5eb6e835a500e791bf9c27a422a,"chicago rap, hip hop, rap",3rCNmRonlHN1TXQLcG3dSk,3,chicago rap,hip hop,rap,,,,
179,Rigamortus,Kendrick Lamar,Section.80,168.591,61,2011-07-02,https://i.scdn.co/image/ab67616d0000b273eddb2639b74ac6c202032ebe,https://i.scdn.co/image/ab6761610000e5eb437b9e2a82505b3d93ff1022,"conscious hip hop, hip hop, rap, west coast rap",2lD6AoA8qf2t4Dkf2TcmNK,4,conscious hip hop,hip hop,rap,west coast rap,,,
180,530,¥$,VULTURES 2,288.0,69,2024-08-03,https://i.scdn.co/image/ab67616d0000b27321577735e417b15623632a6f,https://i.scdn.co/image/ab6761610000e5ebf4e11052613eb67c380adaf8,,2tPNj9sUt3FbjEUqBzZazv,1,,,,,,,
181,Believe What I Say,Kanye West,Donda,242.4,61,2021-08-29,https://i.scdn.co/image/ab67616d0000b273cad190f1a73c024e5a40dddd,https://i.scdn.co/image/ab6761610000e5eb6e835a500e791bf9c27a422a,"chicago rap, hip hop, rap",0JuSGEldfovcc8IS9va1wa,3,chicago rap,hip hop,rap,,,,
182,Wet Dreamz,J. Cole,2014 Forest Hills Drive,239.266,80,2014-12-09,https://i.scdn.co/image/ab67616d0000b273c6e0948bbb0681ff29cdbae8,https://i.scdn.co/image/ab6761610000e5eb4b053c29fd4b317ff825f0dc,"conscious hip hop, hip hop, north carolina hip hop, rap",4tqcoej1zPvwePZCzuAjJd,4,conscious hip hop,hip hop,north carolina hip hop,rap,,,
183,LUST.,Kendrick Lamar,DAMN.,307.88,64,2017-04-14,https://i.scdn.co/image/ab67616d0000b2738b52c6b9bc4e43d873869699,https://i.scdn.co/image/ab6761610000e5eb437b9e2a82505b3d93ff1022,"conscious hip hop, hip hop, rap, west coast rap",06FCvd7rrRcF3DdvWH5Isp,4,conscious hip hop,hip hop,rap,west coast rap,,,
184,YAH.,Kendrick Lamar,DAMN.,160.293,66,2017-04-14,https://i.scdn.co/image/ab67616d0000b2738b52c6b9bc4e43d873869699,https://i.scdn.co/image/ab6761610000e5eb437b9e2a82505b3d93ff1022,"conscious hip hop, hip hop, rap, west coast rap",4BHSjbYylfOH5WAGusDyni,4,conscious hip hop,hip hop,rap,west coast rap,,,
185,Bank Account,21 Savage,Issa Album,220.306,73,2017-07-06,https://i.scdn.co/image/ab67616d0000b2732719343298d0e4f1790e14cd,https://i.scdn.co/image/ab6761610000e5eb4f8f76117470957c0e81e5b2,"atl hip hop, hip hop, rap",5eqK0tbzUPo2SoeZsov04s,3,atl hip hop,hip hop,rap,,,,
186,If I Could Fly,One Direction,Made In The A.M. - Deluxe Edition,230.32,63,2015-11-13,https://i.scdn.co/image/ab67616d0000b273241e4fe75732c9c4b49b94c3,https://i.scdn.co/image/5bb443424a1ad71603c43d67f5af1a04da6bb3c8,"boy band, pop, post-teen pop, talent show",5CRVwXGikmqzoRO6q7FeAg,4,boy band,pop,post-teen pop,talent show,,,
